{
  "by_model": {
    "service_rate_mean": [
      1.0,
      0.97,
      0.98,
      1.0
    ],
    "service_rate_std": [
      0.0,
      0.01,
      0.01,
      0.0
    ],
    "net_profit_mean": [
      123196.6,
      120322.88,
      121724.96,
      124242.06
    ],
    "net_profit_std": [
      9313.28,
      7922.18,
      8089.06,
      8729.26
    ],
    "total_cost_mean": [
      2172.39,
      227.38,
      521.52,
      1907.3
    ],
    "total_cost_std": [
      167.39,
      49.8,
      27.05,
      228.18
    ]
  },
  "by_scenario": {
    "service_rate": [
      0.99,
      0.99,
      0.99,
      0.99,
      0.99
    ],
    "net_profit": [
      127944.23,
      114318.97,
      131234.73,
      127944.23,
      110415.96
    ],
    "total_cost": [
      1263.55,
      1169.47,
      1229.05,
      1263.55,
      1110.11
    ]
  },
  "core_metrics": {
    "cost_reduction_pct": 82.76321691367042,
    "cost_reduction_abs": 1797.9405032198629,
    "roi_day7": 56.71014777981839,
    "roi_day8": 323.2042289596374,
    "roi_improvement": 5.699230942132319,
    "service_rate_day8": 97.72166810260507,
    "annual_benefit": -19486.76778327179
  },
  "decision_stats": {
    "total_decisions": 1680,
    "avg_rebalance_cost": 1.669275253582635,
    "avg_num_moves": 20.383333333333333,
    "total_served": 26672544.789053306,
    "total_cost": 2804.3824260188267
  },
  "hourly_pattern": {
    "peak_hours": [
      23,
      15,
      16,
      22,
      17
    ],
    "low_hours": [
      0,
      1,
      2,
      3,
      4
    ],
    "hourly_cost": {
      "0": 114.53654407919385,
      "1": 114.9064760513138,
      "2": 115.3575807265006,
      "3": 115.72300379746594,
      "4": 116.01186149078421,
      "5": 116.26027239114046,
      "6": 116.57949659181759,
      "7": 116.91323410207406,
      "8": 116.96121094818227,
      "9": 116.83114356547594,
      "10": 117.03338482603431,
      "11": 117.2749066548422,
      "12": 117.4821301321499,
      "13": 117.63143292744644,
      "14": 117.62755276728421,
      "15": 117.82652214029804,
      "16": 117.76014849357307,
      "17": 117.65917144017294,
      "18": 117.11580261169001,
      "19": 116.85753871081397,
      "20": 117.15001691086218,
      "21": 117.30116866668686,
      "22": 117.67981263576075,
      "23": 117.90201335726306
    }
  }
}