policy_name,mean_service_rate,std_service_rate,mean_net_profit,std_net_profit,mean_rebalance_cost,std_rebalance_cost,mean_unmet_demand,total_served,total_unmet
Zero-Action,0.8993776798767804,0.02598248556737875,92116.32946535797,1345.2264125063698,0.0,0.0,4115.8,150657,20579
Proportional-Refill,0.8993776798767804,0.02598248556737875,78066.63233875483,3503.3169985338773,14049.697126603127,4490.331726093501,4115.8,150657,20579
Min-Cost-Flow,0.8993776798767804,0.02598248556737875,92116.32946535797,1345.2264125063698,0.0,0.0,4115.8,150657,20579
