bike_type,order_count,avg_duration,avg_distance,avg_fee
普通车,67751,987.4069903027262,3.244879780372247,3.680905078891828
助力车,32249,989.0975844212223,3.24431238177928,4.680328072188279
