Model,RMSE,MAE,R²
Poisson GLM,103.62624389749166,72.02736253055926,0.660879237910319
XGBoost,39.13935720252138,23.873750686645508,0.9516226053237915
