season,order_count,avg_duration,season_name
3,25044,988.6271761699409,Summer
1,24976,989.3842889173607,Winter
4,24730,986.7380913869794,Fall
2,25250,987.0552475247525,Spring
