weathersit,order_count,avg_duration,avg_distance,weather_type
1,49879,988.3195332705146,3.2476625433549238,Clear
3,14889,989.7619047619048,3.25368459936866,Light Rain
2,30210,986.7957629923866,3.2367255875537935,Cloudy
4,5022,985.89486260454,3.2365452011150952,Heavy Rain
