start_zone,order_count,avg_distance
B_Downtown,24968,2.7678136014098063
A_Capitol_Hill,24941,3.240269435868651
C_Georgetown,14952,3.963180176565004
D_Dupont_Circle,14826,2.915101173613921
F_Navy_Yard,10171,4.1896450693147145
E_Shaw,10142,2.9045267205679344
